<?xml version="1.0" encoding="UTF-8"?>
<mr:MemoriaRiepilogo xmlns:mr="urn:www.agenziaentrate.gov.it:specificheTecniche:sco:mr:v1" xmlns:p="urn:www.agenziaentrate.gov.it:specificheTecniche:common:v1" xmlns:xsi="http://www.w3.org/2001/XMLSchema-instance" xsi:schemaLocation="urn:www.agenziaentrate.gov.it:specificheTecniche:sco:mr:v1 MemoriaRiepilogo.xsd ">
  <mr:RecordImmatricolazione>
    <mr:DataOra>2001-12-31T12:00:00</mr:DataOra>
    <mr:Misuratore>
      <mr:Marchio>mr:Marchio</mr:Marchio>
      <mr:Modello>mr:Modello</mr:Modello>
      <mr:Matricola>mr:Matricola</mr:Matricola>
      <mr:MatricolaModuloInvio>mr:MatricolaModuloInvio</mr:MatricolaModuloInvio>
    </mr:Misuratore>
  </mr:RecordImmatricolazione>
  <mr:RecordCensimento>
    <mr:DataOra>2001-12-31T12:00:00</mr:DataOra>
  </mr:RecordCensimento>
  <mr:RecordAttivazione>
    <mr:DataOra>2001-12-31T12:00:00</mr:DataOra>
    <mr:Gestore>
      <mr:IdPaese>mr:IdPaese</mr:IdPaese>
      <mr:IdCodice>mr:IdCodice</mr:IdCodice>
    </mr:Gestore>
  </mr:RecordAttivazione>
  <mr:RecordDati>
    <mr:DataOra>2001-12-31T12:00:00</mr:DataOra>
    <mr:RecordAzzeramento>
      <mr:DataOra>2001-12-31T12:00:00</mr:DataOra>
      <mr:Numero>1</mr:Numero>
      <mr:Corrispettivo>mr:Corrispettivo</mr:Corrispettivo>
    </mr:RecordAzzeramento>
  </mr:RecordDati>
</mr:MemoriaRiepilogo>
