<?xml version="1.0" encoding="UTF-8"?>
<gfe:GiornaleElettronico identificativo="" xmlns:gfe="urn:www.agenziaentrate.gov.it:specificheTecniche:sco:gfe:v1" xmlns:p="urn:www.agenziaentrate.gov.it:specificheTecniche:common:v1" xmlns:p1="urn:www.agenziaentrate.gov.it:specificheTecniche:sco:common:v1" xmlns:xsi="http://www.w3.org/2001/XMLSchema-instance" xsi:schemaLocation="urn:www.agenziaentrate.gov.it:specificheTecniche:sco:gfe:v1 schemagiornale_v1.xsd ">
  <gfe:DataDa>gfe:DataDa</gfe:DataDa>
  <gfe:DataA>gfe:DataA</gfe:DataA>
  <gfe:IdentificativoDGFE>gfe:IdentificativoDGFE</gfe:IdentificativoDGFE>
  <gfe:Misuratore>
    <gfe:Marchio>gfe:Marchio</gfe:Marchio>
    <gfe:Modello>gfe:Modello</gfe:Modello>
    <gfe:Matricola>gfe:Matricola</gfe:Matricola>
    <gfe:MatricolaModuloInvio>gfe:MatricolaModuloInvio</gfe:MatricolaModuloInvio>
  </gfe:Misuratore>
  <gfe:SessioniGiornaliere>
    <gfe:SoggettoObbligato>
      <gfe:PersonaFisica>
        <p1:Cognome>p1:Cognome</p1:Cognome>
        <p1:Nome>p1:Nome</p1:Nome>
        <p1:Sesso>M</p1:Sesso>
        <p1:DataNascita>p1:DataNascita</p1:DataNascita>
        <p1:ComuneNascita>p1:ComuneNascita</p1:ComuneNascita>
        <p1:ProvinciaNascita>AG</p1:ProvinciaNascita>
      </gfe:PersonaFisica>
      <gfe:CodiceFiscale>gfe:CodiceFiscale</gfe:CodiceFiscale>
      <gfe:PartitaIVA>gfe:PartitaIVA</gfe:PartitaIVA>
      <gfe:GenereAttivita>gfe:GenereAttivita</gfe:GenereAttivita>
      <gfe:Domicilio>
        <gfe:Comune>gfe:Comune</gfe:Comune>
        <gfe:Provincia>AG</gfe:Provincia>
        <gfe:Indirizzo>gfe:Indirizzo</gfe:Indirizzo>
        <gfe:Cap>gfe:Cap</gfe:Cap>
      </gfe:Domicilio>
      <gfe:DatiAggiuntiviFattura>
        <gfe:Riga>gfe:Riga</gfe:Riga>
      </gfe:DatiAggiuntiviFattura>
    </gfe:SoggettoObbligato>
    <gfe:PuntoVendita>
      <gfe:Denominazione>gfe:Denominazione</gfe:Denominazione>
      <gfe:Indirizzo>
        <gfe:Comune>gfe:Comune</gfe:Comune>
        <gfe:Provincia>AG</gfe:Provincia>
        <gfe:Indirizzo>gfe:Indirizzo</gfe:Indirizzo>
        <gfe:Cap>gfe:Cap</gfe:Cap>
      </gfe:Indirizzo>
      <gfe:Telefono>gfe:Telefono</gfe:Telefono>
      <gfe:TipoEsercizio>ambulante</gfe:TipoEsercizio>
    </gfe:PuntoVendita>
    <gfe:ModoRT>0</gfe:ModoRT>
    <gfe:DocumentiEmessi>
      <gfe:Scontrino>
        <gfe:Data>gfe:Data</gfe:Data>
        <gfe:Ora>gfe:Ora</gfe:Ora>
        <gfe:NumeroDocumento>gfe:NumeroDocumento</gfe:NumeroDocumento>
        <gfe:NumeroAzzeramento>gfe:NumeroAzzeramento</gfe:NumeroAzzeramento>
        <gfe:CodiceFiscale>gfe:CodiceFiscale</gfe:CodiceFiscale>
        <gfe:Dettagli>
          <gfe:Vendita>
            <gfe:Descrizione>gfe:Descrizione</gfe:Descrizione>
            <gfe:Importo>gfe:Importo</gfe:Importo>
            <gfe:Quantita>gfe:Quantita</gfe:Quantita>
            <gfe:PrezzoUnitario>gfe:PrezzoUnitario</gfe:PrezzoUnitario>
            <gfe:CodiceIVA>
              <gfe:Aliquota>gfe:Aliquota</gfe:Aliquota>
            </gfe:CodiceIVA>
            <gfe:Annullamento>0</gfe:Annullamento>
            <gfe:Servizio>0</gfe:Servizio>
          </gfe:Vendita>
        </gfe:Dettagli>
        <gfe:Totale>gfe:Totale</gfe:Totale>
        <gfe:CorrispettiviIVA>
          <gfe:BaseImponibile>gfe:BaseImponibile</gfe:BaseImponibile>
          <gfe:Imposta>gfe:Imposta</gfe:Imposta>
          <gfe:CodiceIVA>
            <gfe:Aliquota>gfe:Aliquota</gfe:Aliquota>
          </gfe:CodiceIVA>
        </gfe:CorrispettiviIVA>
      </gfe:Scontrino>
    </gfe:DocumentiEmessi>
    <gfe:ChiusuraSessione>
      <gfe:NumeroProgressivoDiChiusuraSessione>gfe:NumeroProgressivoDiChiusuraSessione</gfe:NumeroProgressivoDiChiusuraSessione>
      <gfe:DataChiusura>gfe:DataChiusura</gfe:DataChiusura>
      <gfe:OraChiusura>gfe:OraChiusura</gfe:OraChiusura>
      <gfe:DatiGiornalieri>
        <gfe:TotaleCorrispettivo>gfe:TotaleCorrispettivo</gfe:TotaleCorrispettivo>
        <gfe:NumeroDocumentiClasseII>gfe:NumeroDocumentiClasseII</gfe:NumeroDocumentiClasseII>
        <gfe:TotaleDocumentiClasseII>gfe:TotaleDocumentiClasseII</gfe:TotaleDocumentiClasseII>
        <gfe:NumeroRettifiche>gfe:NumeroRettifiche</gfe:NumeroRettifiche>
        <gfe:NumeroNoteDiCredito>gfe:NumeroNoteDiCredito</gfe:NumeroNoteDiCredito>
        <gfe:NumeroDiScontrini>gfe:NumeroDiScontrini</gfe:NumeroDiScontrini>
        <gfe:TotaleScontrini>gfe:TotaleScontrini</gfe:TotaleScontrini>
        <gfe:NumeroRicevuteFiscali>gfe:NumeroRicevuteFiscali</gfe:NumeroRicevuteFiscali>
        <gfe:TotaleRicevuteFiscali>gfe:TotaleRicevuteFiscali</gfe:TotaleRicevuteFiscali>
        <gfe:NumeroDiFatture>gfe:NumeroDiFatture</gfe:NumeroDiFatture>
        <gfe:TotaleFattureInterne>gfe:TotaleFattureInterne</gfe:TotaleFattureInterne>
        <gfe:TotaleFatture>gfe:TotaleFatture</gfe:TotaleFatture>
        <gfe:NumeroDiFattureConScontrino>gfe:NumeroDiFattureConScontrino</gfe:NumeroDiFattureConScontrino>
        <gfe:TotaleFattureConScontrino>gfe:TotaleFattureConScontrino</gfe:TotaleFattureConScontrino>
        <gfe:TotaleSconti>gfe:TotaleSconti</gfe:TotaleSconti>
        <gfe:TotaleRettifiche>gfe:TotaleRettifiche</gfe:TotaleRettifiche>
        <gfe:TotaleResi>gfe:TotaleResi</gfe:TotaleResi>
        <gfe:TotaleCorrispettiviNonRiscossi>gfe:TotaleCorrispettiviNonRiscossi</gfe:TotaleCorrispettiviNonRiscossi>
        <gfe:NumeroScontriniNonFiscali>gfe:NumeroScontriniNonFiscali</gfe:NumeroScontriniNonFiscali>
        <gfe:NumeroLetturaMemoriaFiscale>gfe:NumeroLetturaMemoriaFiscale</gfe:NumeroLetturaMemoriaFiscale>
        <gfe:CorrispettiviIVA>
          <gfe:BaseImponibile>gfe:BaseImponibile</gfe:BaseImponibile>
          <gfe:Imposta>gfe:Imposta</gfe:Imposta>
          <gfe:CodiceIVA>
            <gfe:Aliquota>gfe:Aliquota</gfe:Aliquota>
          </gfe:CodiceIVA>
        </gfe:CorrispettiviIVA>
        <gfe:VentilazioneIVA>0</gfe:VentilazioneIVA>
      </gfe:DatiGiornalieri>
      <gfe:DatiProgressivi>
        <gfe:NumeroInterventi>gfe:NumeroInterventi</gfe:NumeroInterventi>
        <gfe:TotaleCorrispettivo>gfe:TotaleCorrispettivo</gfe:TotaleCorrispettivo>
        <gfe:TotaleStorni>gfe:TotaleStorni</gfe:TotaleStorni>
        <gfe:TotaleSconti>gfe:TotaleSconti</gfe:TotaleSconti>
        <gfe:TotaleMaggiorazioni>gfe:TotaleMaggiorazioni</gfe:TotaleMaggiorazioni>
        <gfe:NumeroDocumentiClasseII>gfe:NumeroDocumentiClasseII</gfe:NumeroDocumentiClasseII>
        <gfe:TotaleDocumentiClasseII>gfe:TotaleDocumentiClasseII</gfe:TotaleDocumentiClasseII>
        <gfe:NumeroNoteDiCredito>gfe:NumeroNoteDiCredito</gfe:NumeroNoteDiCredito>
        <gfe:TotaleNoteDiCredito>gfe:TotaleNoteDiCredito</gfe:TotaleNoteDiCredito>
        <gfe:NumeroRettifiche>gfe:NumeroRettifiche</gfe:NumeroRettifiche>
        <gfe:TotaleRettifiche>gfe:TotaleRettifiche</gfe:TotaleRettifiche>
      </gfe:DatiProgressivi>
    </gfe:ChiusuraSessione>
  </gfe:SessioniGiornaliere>
</gfe:GiornaleElettronico>
